Workbook

Sheet OneE
A1: maximise | B1: y
A2: s.t. | B2: 1x + 2y ≥ 10
B3: 1x + 5y ≤ 15
B4: x ≥ 0
B5: y≥ 0
A7: objective function
A8: max | B8: =B12 -> 1.6666667
A10: Decision Variables
A11: Vests | B11: 6.6666667
A12: Life Boats | B12: 1.6666667
A14: Constraints
A15: Capacity | B15: =B11+2*B12 -> 10 | C15: ≥ | D15: 10
A16: Volume | B16: =B11+5*B12 -> 15 | C16: ≤ | D16: 15

Sheet __OpenSolverCache__

Sheet __OpenSolver__
A1: =ModelSheet=OneE!A:Z -> #NAME?
A2: =OpenSolver_AdjNum=1 -> #NAME?
A3: =OpenSolver_ChosenSolver=Google -> #NAME?
A4: =OpenSolver_FastBuild=0 -> #NAME?
A5: =OpenSolver_LinearityCheck=0 -> #NAME?
A6: =solver_adj=OneE!B11:B12 -> #NAME?
A7: =solver_lhs1=OneE!B15 -> #NAME?
A8: =solver_lhs2=OneE!B16 -> #NAME?
A9: =solver_neg=1 -> #NAME?
A10: =solver_num=2 -> #NAME?
A11: =solver_opt=OneE!B8 -> #NAME?
A12: =solver_rel1=3 -> #NAME?
A13: =solver_rel2=1 -> #NAME?
A14: =solver_rhs1=OneE!D15 -> #NAME?
A15: =solver_rhs2=OneE!D16 -> #NAME?
A16: =solver_sho=1 -> #NAME?
A17: =solver_typ=1 -> #NAME?
A18: =solver_val=0 -> #NAME?
