Workbook

Sheet TwoB
A1: max | B1: 30a + 12b + 15c
A2: s.t | B2: 9a+3b+ 5c ≤ 500
B3: 5a + 4b ≤ 350
B4: 3a + 2c ≤ 150
B5: c ≤ 20
B6: a, b, c ≥ 0
A10: objective function
A11: max | B11: =30*B14+12*B15+15*B16 -> 1742.8571
A13: Decision variables
A14: a (p1) | B14: 26.190476
A15: b (p2) | B15: 54.761905
A16: c (p3) | B16: 20
A18: constraints
A19: Mailing machine | B19: =9*B14+3*B15+5*B16 -> 500 | C19: ≤ | D19: 500
A20: Lathe | B20: =5*B14+4*B15 -> 350 | C20: ≤ | D20: 350
A21: Grinder | B21: =3*B14+2*B16 -> 118.57143 | C21: ≤ | D21: 150
A22: c ≤ 20 | B22: =B16 -> 20 | C22: ≤ | D22: 20

Sheet __OpenSolverCache__

Sheet __OpenSolver__
A1: =ModelSheet=OneE!A:Z -> #NAME? | B1: =ModelSheet=TwoB!A:Z -> #NAME?
A2: =OpenSolver_AdjNum=1 -> #NAME? | B2: =OpenSolver_AdjNum=1 -> #NAME?
A3: =OpenSolver_ChosenSolver=Google -> #NAME? | B3: =OpenSolver_ChosenSolver=Google -> #NAME?
A4: =OpenSolver_FastBuild=0 -> #NAME? | B4: =OpenSolver_FastBuild=0 -> #NAME?
A5: =OpenSolver_LinearityCheck=0 -> #NAME? | B5: =OpenSolver_LinearityCheck=1 -> #NAME?
A6: =solver_adj=OneE!B11:B12 -> #NAME? | B6: =solver_adj=TwoB!B14:B16 -> #NAME?
A7: =solver_lhs1=OneE!B15 -> #NAME? | B7: =solver_lhs1=TwoB!B22 -> #NAME?
A8: =solver_lhs2=OneE!B16 -> #NAME? | B8: =solver_lhs2=TwoB!B19 -> #NAME?
A9: =solver_neg=1 -> #NAME? | B9: =solver_lhs3=TwoB!B20 -> #NAME?
A10: =solver_num=2 -> #NAME? | B10: =solver_lhs4=TwoB!B21 -> #NAME?
A11: =solver_opt=OneE!B8 -> #NAME? | B11: =solver_neg=1 -> #NAME?
A12: =solver_rel1=3 -> #NAME? | B12: =solver_num=4 -> #NAME?
A13: =solver_rel2=1 -> #NAME? | B13: =solver_opt=TwoB!B11 -> #NAME?
A14: =solver_rhs1=OneE!D15 -> #NAME? | B14: =solver_rel1=1 -> #NAME?
A15: =solver_rhs2=OneE!D16 -> #NAME? | B15: =solver_rel2=1 -> #NAME?
A16: =solver_sho=1 -> #NAME? | B16: =solver_rel3=1 -> #NAME?
A17: =solver_typ=1 -> #NAME? | B17: =solver_rel4=1 -> #NAME?
A18: =solver_val=0 -> #NAME? | B18: =solver_rhs1=TwoB!D22 -> #NAME?
B19: =solver_rhs2=TwoB!D19 -> #NAME?
B20: =solver_rhs3=TwoB!D20 -> #NAME?
B21: =solver_rhs4=TwoB!D21 -> #NAME?
B22: =solver_sho=1 -> #NAME?
B23: =solver_typ=1 -> #NAME?
B24: =solver_val=0 -> #NAME?
